<?xml version="1.0" encoding="UTF-8"?><new_library>

    <new_book>
        <just_title>New: Introduction to Programming</just_title>
        <new_author>John Smith</new_author>
        <new_isbn>978-1234567890</new_isbn>
        <new_genre>Computer Science</new_genre>
        <new_publication_year>2022</new_publication_year>
        <new_publisher>PublishCo</new_publisher>
        <new_language>English</new_language>
        <new_pages>300</new_pages>
        <new_price>14.995</new_price>
        <new_availability>In Stock</new_availability>
    </new_book>

    <new_book>
        <just_title>Data Structures and Algorithms</just_title>
        <new_author>Alice Johnson</new_author>
        <new_isbn>978-0987654321</new_isbn>
        <new_genre>Computer Science</new_genre>
        <new_publication_year>2021</new_publication_year>
        <new_publisher>TechPress</new_publisher>
        <new_language>English</new_language>
        <new_pages>400</new_pages>
        <new_price>35.991</new_price>
        <new_availability>In Stock</new_availability>
    </new_book>

    <new_book>
        <just_title>History of the World</just_title>
        <new_author>David Williams</new_author>
        <new_isbn>978-9876543210</new_isbn>
        <new_genre>History</new_genre>
        <new_publication_year>2020</new_publication_year>
        <new_publisher>HistoryBooks Inc.</new_publisher>
        <new_language>English</new_language>
        <new_pages>500</new_pages>
        <new_price>44.991</new_price>
        <new_availability>Out of Stock</new_availability>
    </new_book>

    <new_book>
        <just_title>Cooking Basics</just_title>
        <new_author>Emily Cook</new_author>
        <new_isbn>978-5678901234</new_isbn>
        <new_genre>Cooking</new_genre>
        <new_publication_year>2023</new_publication_year>
        <new_publisher>Chef's Delight</new_publisher>
        <new_language>English</new_language>
        <new_pages>250</new_pages>
        <new_price>22.491</new_price>
        <new_availability>In Stock</new_availability>
    </new_book>

    <new_book>
        <just_title>Astronomy Explained</just_title>
        <new_author>Michael Star</new_author>
        <new_isbn>978-0123456789</new_isbn>
        <new_genre>Astronomy</new_genre>
        <new_publication_year>2021</new_publication_year>
        <new_publisher>Stellar Publications</new_publisher>
        <new_language>English</new_language>
        <new_pages>350</new_pages>
        <new_price>31.491000000000003</new_price>
        <new_availability>In Stock</new_availability>
    </new_book>
</new_library>