<library>

    <book>
        <title>Introduction to Programming</title>
        <author>John Smith</author>
        <isbn>978-1234567890</isbn>
        <genre>Computer Science</genre>
        <publication_year>2022</publication_year>
        <publisher>PublishCo</publisher>
        <language>English</language>
        <pages>300</pages>
        <price>29.99</price>
        <availability>In Stock</availability>
    </book>

    <book>
        <title>Data Structures and Algorithms</title>
        <author>Alice Johnson</author>
        <isbn>978-0987654321</isbn>
        <genre>Computer Science</genre>
        <publication_year>2021</publication_year>
        <publisher>TechPress</publisher>
        <language>English</language>
        <pages>400</pages>
        <price>39.99</price>
        <availability>In Stock</availability>
    </book>

    <book>
        <title>History of the World</title>
        <author>David Williams</author>
        <isbn>978-9876543210</isbn>
        <genre>History</genre>
        <publication_year>2020</publication_year>
        <publisher>HistoryBooks Inc.</publisher>
        <language>English</language>
        <pages>500</pages>
        <price>49.99</price>
        <availability>Out of Stock</availability>
    </book>

    <book>
        <title>Cooking Basics</title>
        <author>Emily Cook</author>
        <isbn>978-5678901234</isbn>
        <genre>Cooking</genre>
        <publication_year>2023</publication_year>
        <publisher>Chef's Delight</publisher>
        <language>English</language>
        <pages>250</pages>
        <price>24.99</price>
        <availability>In Stock</availability>
    </book>

    <book>
        <title>Astronomy Explained</title>
        <author>Michael Star</author>
        <isbn>978-0123456789</isbn>
        <genre>Astronomy</genre>
        <publication_year>2021</publication_year>
        <publisher>Stellar Publications</publisher>
        <language>English</language>
        <pages>350</pages>
        <price>34.99</price>
        <availability>In Stock</availability>
    </book>
</library>

